,stat_date,ads_platform,campaign_type,sum_ad_spend,sum_impressions
0,2024-04-15,Meta,REACH,0.0,0
1,2024-04-15,Meta,OUTCOME_SALES,2407.5115681233933,347960
2,2024-04-15,Google,PERFORMANCE_MAX,15692.373951542413,7048939
3,2024-04-15,Google,SEARCH,365.76920218508974,6533
4,2024-04-15,Meta,LINK_CLICKS,0.0,0
5,2024-04-15,Meta,PAGE_LIKES,0.0,0
6,2024-04-15,Meta,OUTCOME_TRAFFIC,143.07069408740358,68483
7,2024-04-16,Meta,LINK_CLICKS,0.0,0
8,2024-04-16,Google,SEARCH,497.8051357326477,8882
9,2024-04-16,Meta,OUTCOME_TRAFFIC,172.48586118251927,100700
10,2024-04-16,Meta,OUTCOME_SALES,2868.420308483291,502152
11,2024-04-16,Meta,REACH,0.0,0
12,2024-04-16,Google,PERFORMANCE_MAX,14322.412373264782,6456103
13,2024-04-16,Meta,PAGE_LIKES,0.0,0
14,2024-04-17,Meta,OUTCOME_SALES,2804.4961439588683,500496
15,2024-04-17,Meta,LINK_CLICKS,0.0,0
16,2024-04-17,Google,SEARCH,666.3393316195372,12363
17,2024-04-17,Meta,PAGE_LIKES,0.0,0
18,2024-04-17,Meta,REACH,0.0,0
19,2024-04-17,Google,PERFORMANCE_MAX,14734.239385604113,6739864
20,2024-04-17,Meta,OUTCOME_TRAFFIC,168.90488431876605,98995
21,2024-04-18,Google,PERFORMANCE_MAX,16197.742534575837,7639658
22,2024-04-18,Google,SEARCH,772.6188174807197,16304
23,2024-04-18,Meta,LINK_CLICKS,0.0,0
24,2024-04-18,Meta,OUTCOME_SALES,2878.858611825193,484622
25,2024-04-18,Meta,OUTCOME_TRAFFIC,171.84961439588682,107855
26,2024-04-18,Meta,REACH,0.0,0
27,2024-04-18,Meta,PAGE_LIKES,0.0,0
28,2024-04-19,Google,SEARCH,942.2763496143958,19669
29,2024-04-19,Meta,OUTCOME_TRAFFIC,179.85218508997428,105070
30,2024-04-19,Meta,OUTCOME_SALES,2928.2390745501293,479233
31,2024-04-19,Meta,LINK_CLICKS,0.0,0
32,2024-04-19,Google,PERFORMANCE_MAX,21168.489839845755,8680386
33,2024-04-19,Meta,PAGE_LIKES,0.0,0
34,2024-04-19,Meta,REACH,0.0,0
35,2024-04-20,Google,PERFORMANCE_MAX,22297.23073894602,9397466
36,2024-04-20,Meta,OUTCOME_SALES,3074.7403598971728,510965
37,2024-04-20,Meta,OUTCOME_TRAFFIC,184.56426735218508,100439
38,2024-04-20,Google,SEARCH,896.3674151670953,17717
39,2024-04-20,Meta,LINK_CLICKS,0.0,0
40,2024-04-20,Meta,REACH,0.0,0
41,2024-04-20,Meta,PAGE_LIKES,0.0,0
42,2024-04-21,Meta,REACH,0.0,0
43,2024-04-21,Meta,OUTCOME_SALES,3214.2133676092553,542153
44,2024-04-21,Meta,OUTCOME_TRAFFIC,204.97943444730078,106789
45,2024-04-21,Google,SEARCH,911.4108690231363,17987
46,2024-04-21,Google,PERFORMANCE_MAX,24356.462198843186,10019685
47,2024-04-21,Meta,PAGE_LIKES,0.0,0
48,2024-04-21,Meta,LINK_CLICKS,0.0,0
49,2024-04-22,Google,SEARCH,842.0717219794344,19548
50,2024-04-22,Meta,REACH,0.0,0
51,2024-04-22,Meta,OUTCOME_SALES,3375.336760925449,556833
52,2024-04-22,Meta,OUTCOME_TRAFFIC,235.2095115681234,125673
53,2024-04-22,Meta,PAGE_LIKES,0.0,0
54,2024-04-22,Meta,LINK_CLICKS,0.0,0
55,2024-04-22,Google,PERFORMANCE_MAX,23972.060143573264,9545493
56,2024-04-23,Google,PERFORMANCE_MAX,21306.336071722362,8648302
57,2024-04-23,Meta,OUTCOME_SALES,3183.5526992287923,560881
58,2024-04-23,Meta,REACH,0.0,0
59,2024-04-23,Google,SEARCH,825.7168312339328,17544
60,2024-04-23,Meta,PAGE_LIKES,0.0,0
61,2024-04-23,Meta,OUTCOME_TRAFFIC,243.2570694087403,118792
62,2024-04-23,Meta,LINK_CLICKS,0.0,0
63,2024-04-24,Meta,OUTCOME_SALES,2971.31233933162,440269
64,2024-04-24,Google,PERFORMANCE_MAX,17112.427788688947,7664534
65,2024-04-24,Google,SEARCH,649.8663239074548,16671
66,2024-04-24,Meta,PAGE_LIKES,0.0,0
67,2024-04-24,Meta,LINK_CLICKS,0.0,0
68,2024-04-24,Meta,OUTCOME_TRAFFIC,238.6632390745501,110697
69,2024-04-24,Meta,REACH,0.0,0
70,2024-04-25,Meta,LINK_CLICKS,0.0,0
71,2024-04-25,Google,SEARCH,592.3303341902313,13307
72,2024-04-25,Google,PERFORMANCE_MAX,16074.01820385604,7153334
73,2024-04-25,Meta,OUTCOME_SALES,2890.80205655527,415809
74,2024-04-25,Meta,OUTCOME_TRAFFIC,219.48843187660665,105329
75,2024-04-25,Meta,REACH,0.0,0
76,2024-04-25,Meta,PAGE_LIKES,0.0,0
77,2024-04-26,Meta,OUTCOME_SALES,2797.353470437018,380532
78,2024-04-26,Meta,REACH,0.0,0
79,2024-04-26,Google,SEARCH,410.63624678663234,10599
80,2024-04-26,Google,PERFORMANCE_MAX,16105.830965424162,7346499
81,2024-04-26,Meta,PAGE_LIKES,0.0,0
82,2024-04-26,Meta,OUTCOME_TRAFFIC,191.86246786632393,83019
83,2024-04-26,Meta,LINK_CLICKS,0.0,0
84,2024-04-27,Meta,OUTCOME_TRAFFIC,187.63110539845758,77692
85,2024-04-27,Google,SEARCH,434.4363329048843,9565
86,2024-04-27,Google,PERFORMANCE_MAX,17239.917441645244,7538416
87,2024-04-27,Meta,OUTCOME_SALES,3008.0128534704377,370294
88,2024-04-27,Meta,LINK_CLICKS,0.0,0
89,2024-04-27,Meta,PAGE_LIKES,0.0,0
90,2024-04-27,Meta,REACH,0.0,0
91,2024-04-28,Meta,LINK_CLICKS,0.0,0
92,2024-04-28,Google,SEARCH,409.0212116966581,9858
93,2024-04-28,Meta,PAGE_LIKES,0.0,0
94,2024-04-28,Meta,OUTCOME_SALES,3233.580976863753,394924
95,2024-04-28,Meta,OUTCOME_TRAFFIC,187.15038560411313,82336
96,2024-04-28,Google,PERFORMANCE_MAX,19120.063769408738,8407818
97,2024-04-28,Meta,REACH,0.0,0
98,2024-04-29,Meta,OUTCOME_SALES,3179.266066838046,399043
99,2024-04-29,Meta,REACH,0.0,0
100,2024-04-29,Google,SEARCH,500.25836439588676,10792
101,2024-04-29,Meta,PAGE_LIKES,0.0,0
102,2024-04-29,Meta,LINK_CLICKS,0.0,0
103,2024-04-29,Meta,OUTCOME_TRAFFIC,187.02056555269922,84748
104,2024-04-29,Google,PERFORMANCE_MAX,20509.853743830332,8170980
105,2024-04-30,Meta,OUTCOME_TRAFFIC,180.2095115681234,84863
106,2024-04-30,Meta,OUTCOME_SALES,2865.623393316195,366705
107,2024-04-30,Meta,REACH,0.0,0
108,2024-04-30,Google,SEARCH,422.36118251928025,10098
109,2024-04-30,Meta,LINK_CLICKS,0.0,0
110,2024-04-30,Meta,PAGE_LIKES,0.0,0
111,2024-04-30,Google,PERFORMANCE_MAX,21058.198369151665,8205942
112,2024-05-01,Google,SEARCH,484.2052841902312,8583
113,2024-05-01,Meta,PAGE_LIKES,0.0,0
114,2024-05-01,Meta,OUTCOME_SALES,2710.368894601543,377202
115,2024-05-01,Meta,OUTCOME_TRAFFIC,176.22236503856035,97871
116,2024-05-01,TikTok,VIDEO_VIEWS,9.640102827763496,20266
117,2024-05-01,Google,PERFORMANCE_MAX,17855.18974640103,7802164
118,2024-05-01,Meta,LINK_CLICKS,0.0,0
119,2024-05-01,Meta,REACH,0.0,0
120,2024-05-02,Meta,LINK_CLICKS,0.0,0
121,2024-05-02,Google,SEARCH,502.9755784061698,7631
122,2024-05-02,TikTok,VIDEO_VIEWS,9.638817480719794,40844
123,2024-05-02,Meta,OUTCOME_SALES,2738.4665809768644,365130
124,2024-05-02,Meta,PAGE_LIKES,0.0,0
125,2024-05-02,Google,PERFORMANCE_MAX,15566.591211696656,7255713
126,2024-05-02,Meta,OUTCOME_TRAFFIC,173.4473007712082,88192
127,2024-05-02,Meta,REACH,0.0,0
128,2024-05-03,Google,SEARCH,464.3639327763495,7734
129,2024-05-03,Google,PERFORMANCE_MAX,13303.78710539846,6503035
130,2024-05-03,Meta,OUTCOME_SALES,2746.313624678663,353162
131,2024-05-03,Meta,LINK_CLICKS,0.0,0
132,2024-05-03,Meta,OUTCOME_TRAFFIC,166.8586118251928,72779
133,2024-05-03,TikTok,VIDEO_VIEWS,9.640102827763496,38182
134,2024-05-03,Meta,PAGE_LIKES,0.0,0
135,2024-05-03,Meta,REACH,0.0,0
136,2024-05-04,Meta,PAGE_LIKES,0.0,0
137,2024-05-04,Meta,OUTCOME_SALES,3041.1362467866325,373567
138,2024-05-04,TikTok,VIDEO_VIEWS,9.640102827763496,39605
139,2024-05-04,Google,SEARCH,471.310166066838,8653
140,2024-05-04,Meta,REACH,0.0,0
141,2024-05-04,Meta,OUTCOME_TRAFFIC,163.20179948586116,74780
142,2024-05-04,Meta,LINK_CLICKS,0.0,0
143,2024-05-04,Google,PERFORMANCE_MAX,17230.68781118252,7440626
144,2024-05-05,Meta,REACH,0.0,0
145,2024-05-05,Google,SEARCH,515.7284005141387,8772
146,2024-05-05,Meta,PAGE_LIKES,0.0,0
147,2024-05-05,Meta,OUTCOME_SALES,3163.8804627249356,400143
148,2024-05-05,Google,PERFORMANCE_MAX,19209.302052056562,8188601
149,2024-05-05,Meta,LINK_CLICKS,0.0,0
150,2024-05-05,Meta,OUTCOME_TRAFFIC,173.20822622107966,82528
151,2024-05-05,TikTok,VIDEO_VIEWS,9.640102827763496,41962
152,2024-05-06,Google,SEARCH,519.3659676092545,8790
153,2024-05-06,Meta,REACH,0.0,0
154,2024-05-06,Meta,OUTCOME_SALES,3042.6208226221083,408202
155,2024-05-06,Meta,LINK_CLICKS,0.0,0
156,2024-05-06,Meta,OUTCOME_TRAFFIC,158.65552699228792,81298
157,2024-05-06,TikTok,VIDEO_VIEWS,7.017994858611825,27174
158,2024-05-06,Meta,PAGE_LIKES,0.0,0
159,2024-05-06,Google,PERFORMANCE_MAX,20494.466873650385,8191204
160,2024-05-07,Meta,PAGE_LIKES,0.0,0
161,2024-05-07,Meta,OUTCOME_SALES,2839.674807197943,367290
162,2024-05-07,Meta,REACH,0.0,0
163,2024-05-07,Google,SEARCH,448.8520123393318,7830
164,2024-05-07,Google,PERFORMANCE_MAX,20159.986822365045,7989096
165,2024-05-07,Meta,LINK_CLICKS,0.0,0
166,2024-05-07,Meta,OUTCOME_TRAFFIC,135.75578406169666,90368
167,2024-05-07,TikTok,VIDEO_VIEWS,0.0,0
168,2024-05-08,Google,SEARCH,408.2596401028278,7166
169,2024-05-08,Google,PERFORMANCE_MAX,18646.403540616964,7776408
170,2024-05-08,Meta,OUTCOME_SALES,2801.6311053984577,350026
171,2024-05-08,Meta,OUTCOME_TRAFFIC,115.32519280205655,61890
172,2024-05-08,Meta,PAGE_LIKES,0.0,0
173,2024-05-08,Meta,LINK_CLICKS,0.0,0
174,2024-05-08,TikTok,VIDEO_VIEWS,0.0,0
175,2024-05-08,Meta,REACH,0.0,0
176,2024-05-09,Meta,REACH,0.0,0
177,2024-05-09,Google,SEARCH,418.59640102827774,8237
178,2024-05-09,Meta,LINK_CLICKS,0.0,0
179,2024-05-09,Meta,OUTCOME_SALES,3210.566838046272,400634
180,2024-05-09,Meta,PAGE_LIKES,0.0,0
181,2024-05-09,Meta,OUTCOME_TRAFFIC,114.79048843187661,59321
182,2024-05-09,TikTok,VIDEO_VIEWS,0.0,0
183,2024-05-09,Google,PERFORMANCE_MAX,15168.641619922875,6967934
184,2024-05-10,Google,SEARCH,410.4087403598972,8385
185,2024-05-10,Meta,REACH,0.0,0
186,2024-05-10,Meta,OUTCOME_SALES,3445.3393316195356,410707
187,2024-05-10,TikTok,VIDEO_VIEWS,0.0,0
188,2024-05-10,Meta,OUTCOME_TRAFFIC,115.24164524421595,70455
189,2024-05-10,Meta,LINK_CLICKS,0.0,0
190,2024-05-10,Meta,PAGE_LIKES,0.0,0
191,2024-05-10,Google,PERFORMANCE_MAX,16029.50722236504,6899469
192,2024-05-11,Meta,PAGE_LIKES,0.0,0
193,2024-05-11,Meta,OUTCOME_SALES,3577.8393316195375,422620
194,2024-05-11,Meta,REACH,0.0,0
195,2024-05-11,Google,SEARCH,393.1704466580976,8592
196,2024-05-11,TikTok,VIDEO_VIEWS,0.0,0
197,2024-05-11,Google,PERFORMANCE_MAX,17427.175380205652,7347577
198,2024-05-11,Meta,OUTCOME_TRAFFIC,115.25321336760928,57323
199,2024-05-11,Meta,LINK_CLICKS,0.0,0
200,2024-05-12,Meta,PAGE_LIKES,0.0,0
201,2024-05-12,Google,SEARCH,416.97329884318765,9334
202,2024-05-12,Meta,LINK_CLICKS,0.0,0
203,2024-05-12,Meta,OUTCOME_SALES,3710.7017994858625,449421
204,2024-05-12,Meta,OUTCOME_TRAFFIC,115.38303341902314,56427
205,2024-05-12,Google,PERFORMANCE_MAX,18862.44170192802,7681091
206,2024-05-12,Meta,REACH,0.0,0
207,2024-05-13,Google,SEARCH,396.4820051413882,8730
208,2024-05-13,Meta,LINK_CLICKS,0.0,0
209,2024-05-13,Meta,OUTCOME_SALES,3739.3586118251933,467753
210,2024-05-13,Google,PERFORMANCE_MAX,18144.507173521855,7310086
211,2024-05-13,Meta,PAGE_LIKES,0.0,0
212,2024-05-13,Meta,REACH,0.0,0
213,2024-05-13,Meta,OUTCOME_TRAFFIC,118.00385604113109,61597
214,2024-05-14,Google,PERFORMANCE_MAX,17266.37952403599,7170474
215,2024-05-14,Google,SEARCH,476.88817480719786,8889
216,2024-05-14,Meta,PAGE_LIKES,0.0,0
217,2024-05-14,Meta,OUTCOME_SALES,3379.597686375321,388659
218,2024-05-14,Meta,REACH,0.0,0
219,2024-05-14,Meta,LINK_CLICKS,0.0,0
220,2024-05-14,Meta,OUTCOME_TRAFFIC,287.6850899742931,94714
221,2024-05-15,Google,SEARCH,491.793059125964,9168
222,2024-05-15,Meta,REACH,0.0,0
223,2024-05-15,Meta,OUTCOME_SALES,2688.7403598971714,319884
224,2024-05-15,Meta,OUTCOME_TRAFFIC,285.7429305912596,86686
225,2024-05-15,Google,PERFORMANCE_MAX,15816.974743187659,6689818
226,2024-05-15,Meta,LINK_CLICKS,0.0,0
227,2024-05-15,Meta,PAGE_LIKES,0.0,0
228,2024-05-16,Meta,LINK_CLICKS,0.0,0
229,2024-05-16,Google,SEARCH,665.4648619537276,11695
230,2024-05-16,Google,PERFORMANCE_MAX,17002.19686323907,6863359
231,2024-05-16,Meta,OUTCOME_SALES,2773.217223650385,321675
232,2024-05-16,Meta,REACH,0.0,0
233,2024-05-16,Meta,PAGE_LIKES,0.0,0
234,2024-05-16,Meta,OUTCOME_TRAFFIC,246.84318766066838,81490
235,2024-05-17,Meta,REACH,0.0,0
236,2024-05-17,Google,SEARCH,723.7927039845758,12227
237,2024-05-17,Meta,LINK_CLICKS,0.0,0
238,2024-05-17,Meta,OUTCOME_SALES,2663.4074550128535,323515
239,2024-05-17,Meta,OUTCOME_TRAFFIC,270.6670951156812,74374
240,2024-05-17,Meta,PAGE_LIKES,0.0,0
241,2024-05-17,Google,PERFORMANCE_MAX,16023.044026092544,6871142
242,2024-05-18,Meta,OUTCOME_SALES,2899.0578406169666,360112
243,2024-05-18,Meta,REACH,0.0,0
244,2024-05-18,Google,SEARCH,881.4515192802056,14114
245,2024-05-18,Google,PERFORMANCE_MAX,15098.393458354754,6853826
246,2024-05-18,Meta,PAGE_LIKES,0.0,0
247,2024-05-18,Meta,LINK_CLICKS,0.0,0
248,2024-05-18,Meta,OUTCOME_TRAFFIC,269.17737789203085,77921
249,2024-05-19,Meta,REACH,0.0,0
250,2024-05-19,Google,SEARCH,994.4469642673522,13507
251,2024-05-19,Meta,LINK_CLICKS,0.0,0
252,2024-05-19,Meta,OUTCOME_SALES,3182.6722365038554,393687
253,2024-05-19,Meta,PAGE_LIKES,0.0,0
254,2024-05-19,Google,PERFORMANCE_MAX,15890.197921979432,6932583
255,2024-05-19,Meta,OUTCOME_TRAFFIC,113.05912596401026,59808
256,2024-05-20,Meta,OUTCOME_SALES,3061.557840616966,406559
257,2024-05-20,Google,PERFORMANCE_MAX,16606.232397814907,6991271
258,2024-05-20,Google,SEARCH,1165.6760323907456,15832
259,2024-05-20,Meta,OUTCOME_TRAFFIC,102.3676092544987,70833
260,2024-05-20,Meta,PAGE_LIKES,0.0,0
261,2024-05-20,Meta,REACH,0.0,0
262,2024-05-20,Meta,LINK_CLICKS,0.0,0
263,2024-05-21,Meta,OUTCOME_TRAFFIC,91.18894601542416,43146
264,2024-05-21,Google,SEARCH,1076.5964182519283,13228
265,2024-05-21,Meta,LINK_CLICKS,0.0,0
266,2024-05-21,Meta,OUTCOME_SALES,2885.5938303341914,374961
267,2024-05-21,Meta,REACH,0.0,0
268,2024-05-21,Google,PERFORMANCE_MAX,17760.648020179946,7121020
269,2024-05-21,Meta,PAGE_LIKES,0.0,0
270,2024-05-22,Google,SEARCH,1037.2943349614395,8679
271,2024-05-22,Meta,PAGE_LIKES,0.0,0
272,2024-05-22,Meta,OUTCOME_SALES,2632.1632390745513,333454
273,2024-05-22,Meta,REACH,0.0,0
274,2024-05-22,Google,PERFORMANCE_MAX,13352.233498457586,5455414
275,2024-05-22,Meta,LINK_CLICKS,0.0,0
276,2024-05-22,Meta,OUTCOME_TRAFFIC,90.24678663239074,43309
277,2024-05-23,Meta,REACH,0.0,0
278,2024-05-23,Google,SEARCH,738.8221223650385,3407
279,2024-05-23,Google,PERFORMANCE_MAX,13427.834512724936,4753733
280,2024-05-23,Meta,OUTCOME_SALES,2229.942159383033,269376
281,2024-05-23,Meta,PAGE_LIKES,0.0,0
282,2024-05-23,Meta,LINK_CLICKS,0.0,0
283,2024-05-23,Meta,OUTCOME_TRAFFIC,90.40616966580977,49013
284,2024-05-24,Meta,REACH,0.0,0
285,2024-05-24,Meta,OUTCOME_SALES,2295.5128534704368,254156
286,2024-05-24,Meta,PAGE_LIKES,0.0,0
287,2024-05-24,Google,SEARCH,547.3734584832905,3299
288,2024-05-24,Meta,OUTCOME_TRAFFIC,97.67737789203085,45045
289,2024-05-24,Meta,LINK_CLICKS,0.0,0
290,2024-05-24,Google,PERFORMANCE_MAX,13446.688940874039,4786730
291,2024-05-25,Google,SEARCH,660.4360553984576,3406
292,2024-05-25,Meta,OUTCOME_TRAFFIC,95.32647814910025,37145
293,2024-05-25,Meta,OUTCOME_SALES,2013.385604113111,208966
294,2024-05-25,Google,PERFORMANCE_MAX,14168.666311825196,4948921
295,2024-05-25,Meta,REACH,0.0,0
296,2024-05-25,Meta,PAGE_LIKES,0.0,0
297,2024-05-25,Meta,LINK_CLICKS,0.0,0
298,2024-05-26,Meta,PAGE_LIKES,0.0,0
299,2024-05-26,Meta,OUTCOME_SALES,1947.5244215938303,215123
300,2024-05-26,Meta,LINK_CLICKS,0.0,0
301,2024-05-26,Google,SEARCH,448.1972700514138,3496
302,2024-05-26,Google,PERFORMANCE_MAX,16821.349530462725,5499929
303,2024-05-26,Meta,REACH,0.0,0
304,2024-05-26,Meta,OUTCOME_TRAFFIC,89.29177377892032,38832
305,2024-05-27,Meta,OUTCOME_SALES,1953.1195372750637,234207
306,2024-05-27,Meta,REACH,0.0,0
307,2024-05-27,Google,SEARCH,478.56847133676087,3341
308,2024-05-27,Meta,LINK_CLICKS,0.0,0
309,2024-05-27,Google,PERFORMANCE_MAX,18155.352478020563,5907954
310,2024-05-27,Meta,OUTCOME_TRAFFIC,87.00385604113112,40037
311,2024-05-27,Meta,PAGE_LIKES,0.0,0
312,2024-05-28,Meta,OUTCOME_TRAFFIC,77.0192802056555,38314
313,2024-05-28,Meta,OUTCOME_SALES,1771.4125964010286,226195
314,2024-05-28,Meta,PAGE_LIKES,0.0,0
315,2024-05-28,Google,SEARCH,379.93347133676104,3443
316,2024-05-28,Google,PERFORMANCE_MAX,15079.538085347043,5355871
317,2024-05-28,Meta,REACH,0.0,0
318,2024-05-29,Google,SEARCH,395.2608944730076,3526
319,2024-05-29,Meta,REACH,0.0,0
320,2024-05-29,Meta,OUTCOME_SALES,1723.4344473007707,217301
321,2024-05-29,Meta,PAGE_LIKES,0.0,0
322,2024-05-29,Meta,OUTCOME_TRAFFIC,74.90488431876607,35877
323,2024-05-29,Google,PERFORMANCE_MAX,11710.866420051414,4558551
324,2024-05-30,Meta,PAGE_LIKES,0.0,0
325,2024-05-30,Meta,OUTCOME_SALES,1607.101542416453,180139
326,2024-05-30,Google,PERFORMANCE_MAX,11132.68222892031,4487287
327,2024-05-30,Google,SEARCH,435.2814544987147,3452
328,2024-05-30,Meta,REACH,0.0,0
329,2024-05-30,Meta,OUTCOME_TRAFFIC,74.33290488431875,30977
330,2024-05-31,Meta,OUTCOME_TRAFFIC,74.68894601542415,35957
331,2024-05-31,Meta,CONVERSIONS,0.0,0
332,2024-05-31,Meta,REACH,0.0,0
333,2024-05-31,Google,SEARCH,388.5809768637531,3409
334,2024-05-31,Meta,PAGE_LIKES,0.0,0
335,2024-05-31,Meta,OUTCOME_SALES,1740.1966580976855,186429
336,2024-05-31,Google,PERFORMANCE_MAX,11681.032732647816,4602228
337,2024-06-01,Google,SEARCH,342.617606940874,3457
338,2024-06-01,Meta,OUTCOME_TRAFFIC,90.87917737789202,47082
339,2024-06-01,Meta,CONVERSIONS,0.0,0
340,2024-06-01,Meta,PAGE_LIKES,0.0,0
341,2024-06-01,Meta,OUTCOME_SALES,2025.2287917737785,225768
342,2024-06-01,Google,PERFORMANCE_MAX,11287.308782390744,4599797
343,2024-06-01,Meta,REACH,0.0,0
344,2024-06-02,Meta,REACH,0.0,0
345,2024-06-02,Meta,CONVERSIONS,0.0,0
346,2024-06-02,Meta,PAGE_LIKES,0.0,0
347,2024-06-02,Meta,OUTCOME_SALES,2105.5449871465307,228610
348,2024-06-02,Google,PERFORMANCE_MAX,12695.774817223648,5273291
349,2024-06-02,Google,SEARCH,341.91645244215937,3262
350,2024-06-02,Meta,OUTCOME_TRAFFIC,99.22879177377892,56239
351,2024-06-03,Meta,OUTCOME_SALES,2192.69794344473,220851
352,2024-06-03,Meta,PAGE_LIKES,0.0,0
353,2024-06-03,Meta,CONVERSIONS,0.0,0
354,2024-06-03,Meta,OUTCOME_TRAFFIC,94.70565552699227,57920
355,2024-06-03,Google,SEARCH,424.5282776349614,3606
356,2024-06-03,Meta,REACH,0.0,0
357,2024-06-03,Google,PERFORMANCE_MAX,12386.38123611825,4947151
358,2024-06-04,Meta,OUTCOME_TRAFFIC,91.62210796915167,54716
359,2024-06-04,Meta,CONVERSIONS,0.0,0
360,2024-06-04,Google,PERFORMANCE_MAX,11162.818396529563,4508568
361,2024-06-04,Google,SEARCH,425.03598971722363,3844
362,2024-06-04,Meta,REACH,0.0,0
363,2024-06-04,Meta,OUTCOME_SALES,2153.6979434447294,240953
364,2024-06-04,Meta,PAGE_LIKES,0.0,0
365,2024-06-05,Meta,PAGE_LIKES,0.0,0
366,2024-06-05,Meta,OUTCOME_SALES,2151.560411311054,247335
367,2024-06-05,Google,PERFORMANCE_MAX,11793.928702956298,4597804
368,2024-06-05,Google,SEARCH,408.5539845758354,3826
369,2024-06-05,Meta,REACH,0.0,0
370,2024-06-05,Meta,CONVERSIONS,0.0,0
371,2024-06-05,Meta,OUTCOME_TRAFFIC,89.47943444730078,47779
372,2024-06-06,Meta,OUTCOME_SALES,2053.3663239074544,236782
373,2024-06-06,Meta,OUTCOME_TRAFFIC,79.29948586118249,51182
374,2024-06-06,Google,SEARCH,422.1426735218508,4615
375,2024-06-06,Google,PERFORMANCE_MAX,11671.567249485863,4536812
376,2024-06-06,Meta,CONVERSIONS,0.0,0
377,2024-06-06,Meta,PAGE_LIKES,0.0,0
378,2024-06-06,Meta,REACH,0.0,0
379,2024-06-07,Meta,OUTCOME_TRAFFIC,102.41902313624679,61670
380,2024-06-07,Meta,OUTCOME_SALES,2111.832904884319,234745
381,2024-06-07,Meta,REACH,0.0,0
382,2024-06-07,Meta,CONVERSIONS,0.0,0
383,2024-06-07,Google,PERFORMANCE_MAX,11172.888596143957,4382649
384,2024-06-07,Google,SEARCH,449.0835475578405,3635
385,2024-06-08,Meta,REACH,0.0,0
386,2024-06-08,Google,SEARCH,284.95141439588684,3381
387,2024-06-08,Google,PERFORMANCE_MAX,9753.326624164523,4144952
388,2024-06-08,Meta,CONVERSIONS,0.0,0
389,2024-06-08,Meta,OUTCOME_TRAFFIC,111.93701799485859,63169
390,2024-06-08,Meta,OUTCOME_SALES,2217.9781491002573,247459
391,2024-06-09,Meta,CONVERSIONS,0.0,0
392,2024-06-09,Meta,REACH,0.0,0
393,2024-06-09,Google,SEARCH,330.296736503856,3437
394,2024-06-09,Meta,OUTCOME_TRAFFIC,104.65167095115683,77140
395,2024-06-09,Meta,OUTCOME_SALES,2375.192802056555,282478
396,2024-06-09,Google,PERFORMANCE_MAX,9366.238101542418,4206326
397,2024-06-10,Meta,OUTCOME_SALES,2239.503856041131,288803
398,2024-06-10,Meta,OUTCOME_TRAFFIC,106.53856041131105,53128
399,2024-06-10,Google,SEARCH,294.3987053984576,3956
400,2024-06-10,Google,PERFORMANCE_MAX,9783.390778020568,4100267
401,2024-06-10,Meta,CONVERSIONS,0.0,0
402,2024-06-10,Meta,REACH,0.0,0
403,2024-06-11,Google,PERFORMANCE_MAX,9047.045035604113,3747456
404,2024-06-11,Google,SEARCH,373.88817480719786,3868
405,2024-06-11,Meta,OUTCOME_TRAFFIC,101.95758354755786,60261
406,2024-06-11,Meta,OUTCOME_SALES,2224.6375321336764,302809
407,2024-06-11,Meta,CONVERSIONS,0.0,0
408,2024-06-12,Google,SEARCH,359.8508997429305,3310
409,2024-06-12,Meta,OUTCOME_TRAFFIC,101.21979434447302,60254
410,2024-06-12,Meta,CONVERSIONS,0.0,0
411,2024-06-12,Google,PERFORMANCE_MAX,8867.902699100257,3616843
412,2024-06-12,Meta,OUTCOME_SALES,2523.1645244215943,304617
413,2024-06-13,Google,PERFORMANCE_MAX,9589.305533290486,3788019
414,2024-06-13,Meta,CONVERSIONS,0.0,0
415,2024-06-13,Meta,OUTCOME_TRAFFIC,100.7107969151671,48054
416,2024-06-13,Google,SEARCH,316.38358688946005,3533
417,2024-06-13,Meta,OUTCOME_SALES,2470.3354755784053,289733
418,2024-06-14,Meta,OUTCOME_SALES,2525.8650385604105,294234
419,2024-06-14,Meta,OUTCOME_TRAFFIC,100.53598971722364,44819
420,2024-06-14,Meta,CONVERSIONS,0.0,0
421,2024-06-14,Google,PERFORMANCE_MAX,8850.03192647815,3795958
422,2024-06-14,Google,SEARCH,295.3343983290489,3434
423,2024-06-15,Meta,OUTCOME_TRAFFIC,111.219794344473,65106
424,2024-06-15,Meta,CONVERSIONS,0.0,0
425,2024-06-15,Google,PERFORMANCE_MAX,9432.253364138816,4032937
426,2024-06-15,Google,SEARCH,317.69284961439587,3270
427,2024-06-15,Meta,OUTCOME_SALES,2807.4293059125966,330869
428,2024-06-16,Meta,OUTCOME_SALES,3068.643958868894,383201
429,2024-06-16,Google,PERFORMANCE_MAX,10158.570878020566,4184861
430,2024-06-16,Meta,CONVERSIONS,0.0,0
431,2024-06-16,Meta,OUTCOME_TRAFFIC,118.44858611825191,58621
432,2024-06-16,Google,SEARCH,331.88850411311057,3420
433,2024-06-17,Meta,OUTCOME_TRAFFIC,116.30848329048843,65207
434,2024-06-17,Google,SEARCH,305.9653656812339,3531
435,2024-06-17,Google,PERFORMANCE_MAX,11160.451330462725,4209156
436,2024-06-17,Meta,CONVERSIONS,0.0,0
437,2024-06-17,Meta,OUTCOME_SALES,2960.066838046273,393697
438,2024-06-18,Google,SEARCH,326.3024786632391,3524
439,2024-06-18,Google,PERFORMANCE_MAX,13788.723595629821,4671723
440,2024-06-18,Meta,OUTCOME_SALES,2752.4177377892033,372533
441,2024-06-18,Meta,OUTCOME_TRAFFIC,111.04241645244217,129104
442,2024-06-18,Meta,CONVERSIONS,0.0,0
443,2024-06-19,Meta,OUTCOME_SALES,2705.553984575836,377631
444,2024-06-19,Meta,OUTCOME_TRAFFIC,111.39588688946014,65097
445,2024-06-19,Meta,CONVERSIONS,0.0,0
446,2024-06-19,Google,PERFORMANCE_MAX,12920.549661311052,4751119
447,2024-06-19,Google,SEARCH,425.7697485861182,3364
448,2024-06-20,Google,PERFORMANCE_MAX,12155.222562210798,4752631
449,2024-06-20,Google,SEARCH,478.8634731362468,3314
450,2024-06-20,Meta,OUTCOME_TRAFFIC,108.97043701799487,62157
451,2024-06-20,Meta,OUTCOME_SALES,2558.88560411311,346169
452,2024-06-20,Meta,CONVERSIONS,0.0,0
453,2024-06-21,Google,SEARCH,377.3486176092544,3178
454,2024-06-21,Meta,OUTCOME_TRAFFIC,104.17866323907451,56736
455,2024-06-21,Meta,OUTCOME_SALES,2431.1773778920306,327052
456,2024-06-21,Google,PERFORMANCE_MAX,10606.655570308481,4442754
457,2024-06-21,Meta,CONVERSIONS,0.0,0
458,2024-06-22,Google,PERFORMANCE_MAX,11589.648765938302,4777812
459,2024-06-22,Meta,CONVERSIONS,0.0,0
460,2024-06-22,Meta,OUTCOME_TRAFFIC,104.24807197943444,57722
461,2024-06-22,Google,SEARCH,354.1193182519279,3069
462,2024-06-22,Meta,OUTCOME_SALES,2451.286632390745,311948
463,2024-06-23,Meta,CONVERSIONS,0.0,0
464,2024-06-23,Meta,OUTCOME_TRAFFIC,295.1722365038561,99608
465,2024-06-23,Meta,OUTCOME_SALES,2824.560411311054,353354
466,2024-06-23,Google,PERFORMANCE_MAX,11282.881192030844,4766212
467,2024-06-23,Google,SEARCH,347.8772629820052,3265
468,2024-06-24,Meta,OUTCOME_TRAFFIC,407.80205655526987,114175
469,2024-06-24,Google,SEARCH,371.7859790488431,3338
470,2024-06-24,Google,PERFORMANCE_MAX,11738.68699832905,5724141
471,2024-06-24,Meta,OUTCOME_SALES,2941.4023136246783,398449
472,2024-06-24,Meta,CONVERSIONS,0.0,0
473,2024-06-25,Meta,OUTCOME_SALES,2914.958868894601,384300
474,2024-06-25,Meta,OUTCOME_TRAFFIC,390.49614395886886,110306
475,2024-06-25,Meta,CONVERSIONS,0.0,0
476,2024-06-25,Google,PERFORMANCE_MAX,10456.198870822622,5734863
477,2024-06-25,Google,SEARCH,331.2048519280205,3113
478,2024-06-26,Google,SEARCH,397.1398727506428,3323
479,2024-06-26,Meta,OUTCOME_TRAFFIC,380.32262210796904,87043
480,2024-06-26,Meta,OUTCOME_SALES,2813.538560411312,348619
481,2024-06-26,Google,PERFORMANCE_MAX,9992.091869151667,5369015
482,2024-06-26,Meta,CONVERSIONS,0.0,0
483,2024-06-27,Meta,OUTCOME_TRAFFIC,394.8971722365038,110084
484,2024-06-27,Meta,CONVERSIONS,0.0,0
485,2024-06-27,Google,PERFORMANCE_MAX,9463.591380205655,5198007
486,2024-06-27,Meta,OUTCOME_SALES,2628.037275064267,332397
487,2024-06-27,Google,SEARCH,380.6152528277635,3363
488,2024-06-28,Meta,CONVERSIONS,0.0,0
489,2024-06-28,Google,PERFORMANCE_MAX,8302.889288046274,4863385
490,2024-06-28,Google,SEARCH,298.81749125964,3244
491,2024-06-28,Meta,OUTCOME_TRAFFIC,305.6375321336761,82757
492,2024-06-28,Meta,OUTCOME_SALES,2741.233933161953,343436
493,2024-06-29,Google,PERFORMANCE_MAX,7089.302395244216,4648813
494,2024-06-29,Meta,OUTCOME_SALES,2722.2827763496143,345567
495,2024-06-29,Meta,OUTCOME_TRAFFIC,98.379177377892,47415
496,2024-06-29,Google,SEARCH,343.0230037275064,3231
497,2024-06-29,Meta,CONVERSIONS,0.0,0
498,2024-06-30,Meta,CONVERSIONS,0.0,0
499,2024-06-30,Google,PERFORMANCE_MAX,9022.472959768635,5291550
500,2024-06-30,Meta,OUTCOME_SALES,2885.6066838046277,413776
501,2024-06-30,Meta,OUTCOME_TRAFFIC,99.91902313624678,45299
502,2024-06-30,Google,SEARCH,286.4153266066838,3188
503,2024-07-01,Meta,OUTCOME_SALES,2658.578406169666,450302
504,2024-07-01,Google,PERFORMANCE_MAX,10291.96848907455,5261057
505,2024-07-01,Meta,CONVERSIONS,0.0,0
506,2024-07-01,Meta,OUTCOME_TRAFFIC,97.89588688946014,62202
507,2024-07-01,Google,SEARCH,377.5794385604112,3092
508,2024-07-02,Google,PERFORMANCE_MAX,9581.689071722365,4778523
509,2024-07-02,Meta,OUTCOME_SALES,2509.9858611825184,378163
510,2024-07-02,Meta,OUTCOME_TRAFFIC,96.55398457583547,52661
511,2024-07-02,Google,SEARCH,435.78649935732636,3302
512,2024-07-02,Meta,CONVERSIONS,0.0,0
513,2024-07-03,Google,SEARCH,355.9439248071979,3139
514,2024-07-03,Meta,OUTCOME_TRAFFIC,99.54370179948585,45670
515,2024-07-03,Meta,CONVERSIONS,0.0,0
516,2024-07-03,Google,PERFORMANCE_MAX,8285.91276452442,3952538
517,2024-07-03,Meta,OUTCOME_SALES,2719.0257069408735,362890
518,2024-07-04,Meta,OUTCOME_TRAFFIC,98.75964010282776,43869
519,2024-07-04,Google,SEARCH,442.70632056555263,3556
520,2024-07-04,Google,PERFORMANCE_MAX,8254.164610025708,3453857
521,2024-07-04,Meta,OUTCOME_SALES,2893.4999999999995,370256
522,2024-07-04,Meta,CONVERSIONS,0.0,0
523,2024-07-05,Google,SEARCH,373.37460964010285,3193
524,2024-07-05,Meta,OUTCOME_TRAFFIC,98.02056555269925,42884
525,2024-07-05,Meta,CONVERSIONS,0.0,0
526,2024-07-05,Google,PERFORMANCE_MAX,8954.997585732648,3453769
527,2024-07-05,Meta,OUTCOME_SALES,3163.744215938302,387210
528,2024-07-06,Meta,OUTCOME_TRAFFIC,97.11053984575835,55403
529,2024-07-06,Google,SEARCH,322.2940212082261,3213
530,2024-07-06,Google,PERFORMANCE_MAX,10719.142301928021,4097815
531,2024-07-06,Meta,OUTCOME_SALES,3248.218508997428,394277
532,2024-07-06,Meta,CONVERSIONS,0.0,0
533,2024-07-07,Meta,CONVERSIONS,0.0,0
534,2024-07-07,Google,PERFORMANCE_MAX,12114.945329434448,4460719
535,2024-07-07,Google,SEARCH,327.86444704370183,3337
536,2024-07-07,Meta,OUTCOME_TRAFFIC,105.32390745501284,64473
537,2024-07-07,Meta,OUTCOME_SALES,3305.7982005141384,479922
538,2024-07-08,Meta,CONVERSIONS,0.0,0
539,2024-07-08,Google,PERFORMANCE_MAX,10936.094037660669,4149759
540,2024-07-08,Meta,OUTCOME_SALES,3168.5719794344473,432878
541,2024-07-08,Meta,OUTCOME_TRAFFIC,102.11825192802056,62539
542,2024-07-08,Google,SEARCH,440.39018586118254,3294
543,2024-07-09,Meta,OUTCOME_TRAFFIC,99.87789203084832,50706
544,2024-07-09,Meta,OUTCOME_SALES,2961.9575835475575,384082
545,2024-07-09,Google,PERFORMANCE_MAX,10288.847674421595,3964376
546,2024-07-09,Google,SEARCH,397.7286011568123,3757
547,2024-07-09,Meta,CONVERSIONS,0.0,0
548,2024-07-10,Meta,CONVERSIONS,0.0,0
549,2024-07-10,Meta,OUTCOME_TRAFFIC,99.78149100257069,43349
550,2024-07-10,Google,SEARCH,352.86755359897177,3778
551,2024-07-10,Google,PERFORMANCE_MAX,10535.880023521848,3993017
552,2024-07-10,Meta,OUTCOME_SALES,2899.086118251929,367299
553,2024-07-11,Google,PERFORMANCE_MAX,10112.11240539846,3919767
554,2024-07-11,Google,SEARCH,369.812853470437,4272
555,2024-07-11,Meta,OUTCOME_TRAFFIC,97.76735218508998,39299
556,2024-07-11,Meta,CONVERSIONS,0.0,0
557,2024-07-11,Meta,OUTCOME_SALES,2901.515424164525,356437
558,2024-07-12,Meta,OUTCOME_SALES,2822.8856041131103,399183
559,2024-07-12,Google,PERFORMANCE_MAX,10790.603628406172,4047813
560,2024-07-12,Meta,CONVERSIONS,0.0,0
561,2024-07-12,Meta,OUTCOME_TRAFFIC,100.2686375321337,55025
562,2024-07-12,Google,SEARCH,589.4661042416451,7228
563,2024-07-13,Google,PERFORMANCE_MAX,13402.425756812338,4642045
564,2024-07-13,Google,SEARCH,435.64407043701806,4442
565,2024-07-13,Meta,OUTCOME_TRAFFIC,107.74807197943444,61183
566,2024-07-13,Meta,OUTCOME_SALES,2771.7159383033418,342086
567,2024-07-13,Meta,CONVERSIONS,0.0,0
568,2024-07-14,Google,SEARCH,417.26579845758357,4024
569,2024-07-14,Meta,OUTCOME_TRAFFIC,116.84832904884318,59187
570,2024-07-14,Meta,OUTCOME_SALES,2806.7403598971723,399299
571,2024-07-14,Google,PERFORMANCE_MAX,16141.282511439587,5041215
572,2024-07-14,Meta,CONVERSIONS,0.0,0
573,2024-07-15,Meta,CONVERSIONS,0.0,0
574,2024-07-15,Google,PERFORMANCE_MAX,15642.702809511567,4831288
575,2024-07-15,Meta,OUTCOME_SALES,2542.949871465295,391949
576,2024-07-15,Meta,OUTCOME_TRAFFIC,119.82262210796915,64667
577,2024-07-15,Google,SEARCH,465.5325233933161,4056
578,2024-07-16,Google,PERFORMANCE_MAX,13080.013139074554,4582167
579,2024-07-16,Meta,CONVERSIONS,0.0,0
580,2024-07-16,Meta,OUTCOME_TRAFFIC,139.219794344473,73846
581,2024-07-16,Google,SEARCH,437.284061696658,4190
582,2024-07-16,Meta,OUTCOME_SALES,2532.507712082262,400198
583,2024-07-17,Google,SEARCH,475.0539845758354,3823
584,2024-07-17,Google,PERFORMANCE_MAX,12291.944954241646,4323092
585,2024-07-17,Meta,CONVERSIONS,0.0,0
586,2024-07-17,Meta,OUTCOME_TRAFFIC,156.82776349614397,64088
587,2024-07-17,Meta,OUTCOME_SALES,2899.0796915167093,408953
588,2024-07-18,Google,PERFORMANCE_MAX,12787.520971593829,4540882
589,2024-07-18,Meta,OUTCOME_SALES,3154.9897172236497,434827
590,2024-07-18,Meta,OUTCOME_TRAFFIC,154.2917737789203,61689
591,2024-07-18,Meta,CONVERSIONS,0.0,0
592,2024-07-18,Google,SEARCH,473.8856041131105,4237
593,2024-07-19,Google,SEARCH,378.7133676092544,3626
594,2024-07-19,Google,PERFORMANCE_MAX,11029.309472107967,4301885
595,2024-07-19,Meta,OUTCOME_SALES,3020.15681233933,400948
596,2024-07-19,Meta,OUTCOME_TRAFFIC,144.94601542416453,58296
597,2024-07-19,Meta,CONVERSIONS,0.0,0
598,2024-07-20,Meta,CONVERSIONS,0.0,0
599,2024-07-20,Google,PERFORMANCE_MAX,8083.0886269922885,3180092
600,2024-07-20,Google,SEARCH,405.36246786632387,3451
601,2024-07-20,Meta,OUTCOME_TRAFFIC,141.66323907455012,59837
602,2024-07-20,Meta,OUTCOME_SALES,3102.1658097686377,435733
603,2024-07-21,Google,PERFORMANCE_MAX,12663.422320565554,4890795
604,2024-07-21,Meta,CONVERSIONS,0.0,0
605,2024-07-21,Meta,OUTCOME_TRAFFIC,150.38817480719794,66199
606,2024-07-21,Google,SEARCH,457.5064267352185,3624
607,2024-07-21,Meta,OUTCOME_SALES,3162.971722365039,484831
608,2024-07-22,Meta,OUTCOME_SALES,2714.2982005141394,394485
609,2024-07-22,Google,PERFORMANCE_MAX,13357.083571722364,4844762
610,2024-07-22,Google,SEARCH,431.0835475578405,3829
611,2024-07-22,Meta,OUTCOME_TRAFFIC,145.03856041131107,59293
612,2024-07-22,Meta,CONVERSIONS,0.0,0
613,2024-07-23,Meta,OUTCOME_TRAFFIC,139.85218508997428,76788
614,2024-07-23,Meta,OUTCOME_SALES,3048.334190231363,521097
615,2024-07-23,Google,PERFORMANCE_MAX,11071.589961182519,4258513
616,2024-07-23,Meta,CONVERSIONS,0.0,0
617,2024-07-23,Google,SEARCH,451.1362467866324,4327
618,2024-07-24,Meta,CONVERSIONS,0.0,0
619,2024-07-24,Meta,OUTCOME_TRAFFIC,136.20179948586116,56711
620,2024-07-24,Google,SEARCH,510.9010282776348,3720
621,2024-07-24,Google,PERFORMANCE_MAX,11429.787751670952,4207451
622,2024-07-24,Meta,OUTCOME_SALES,2984.0848329048845,525805
623,2024-07-25,Google,PERFORMANCE_MAX,11765.77071336761,4207242
624,2024-07-25,Meta,OUTCOME_SALES,2991.136246786632,474112
625,2024-07-25,Meta,OUTCOME_TRAFFIC,141.8997429305913,56666
626,2024-07-25,Google,SEARCH,488.5359897172235,3414
627,2024-07-25,Meta,CONVERSIONS,0.0,0
628,2024-07-26,Meta,CONVERSIONS,0.0,0
629,2024-07-26,Google,PERFORMANCE_MAX,11452.656450514136,4211282
630,2024-07-26,Google,SEARCH,456.2904884318766,3730
631,2024-07-26,Meta,OUTCOME_TRAFFIC,139.40616966580978,43391
632,2024-07-26,Meta,OUTCOME_SALES,3008.011568123394,451911
633,2024-07-27,Meta,CONVERSIONS,0.0,0
634,2024-07-27,Meta,OUTCOME_TRAFFIC,136.91002570694084,41439
635,2024-07-27,Meta,OUTCOME_SALES,3138.26735218509,468274
636,2024-07-27,Google,PERFORMANCE_MAX,10522.980911053985,4091997
637,2024-07-27,Google,SEARCH,457.5565552699229,3618
638,2024-07-28,Meta,OUTCOME_TRAFFIC,149.54884318766065,48821
639,2024-07-28,Meta,OUTCOME_SALES,3300.280205655527,516360
640,2024-07-28,Google,PERFORMANCE_MAX,12130.74198830334,4535580
641,2024-07-28,Google,SEARCH,456.6195372750643,3643
642,2024-07-28,Meta,CONVERSIONS,0.0,0
643,2024-07-29,Meta,OUTCOME_SALES,3185.3560411311064,512779
644,2024-07-29,Meta,OUTCOME_TRAFFIC,145.11439588688947,49773
645,2024-07-29,Meta,CONVERSIONS,0.0,0
646,2024-07-29,Google,PERFORMANCE_MAX,15626.68711028278,5062573
647,2024-07-29,Google,SEARCH,432.96915167095113,3770
648,2024-07-30,Meta,OUTCOME_TRAFFIC,141.54755784061697,43617
649,2024-07-30,Google,SEARCH,439.0976863753214,3937
650,2024-07-30,Google,PERFORMANCE_MAX,14668.712342802053,4799026
651,2024-07-30,Meta,CONVERSIONS,0.0,0
652,2024-07-30,Meta,OUTCOME_SALES,2983.505141388174,468687
653,2024-07-31,Meta,OUTCOME_SALES,2997.2429305912597,433953
654,2024-07-31,Google,PERFORMANCE_MAX,11496.63390218509,4177461
655,2024-07-31,Google,SEARCH,466.4987146529563,3986
656,2024-07-31,Meta,OUTCOME_TRAFFIC,139.81748071979433,40848
657,2024-07-31,Meta,CONVERSIONS,0.0,0
658,2024-08-01,Meta,OUTCOME_TRAFFIC,144.84575835475576,41587
659,2024-08-01,Meta,CONVERSIONS,0.0,0
660,2024-08-01,Google,PERFORMANCE_MAX,13511.924268894601,4539047
661,2024-08-01,Meta,OUTCOME_SALES,2926.8753213367613,400622
662,2024-08-01,Google,SEARCH,500.63395424164526,4139
663,2024-08-02,Google,SEARCH,520.3457583547557,4395
664,2024-08-02,Meta,OUTCOME_TRAFFIC,164.51156812339332,50679
665,2024-08-02,Meta,OUTCOME_SALES,2825.3226221079685,399208
666,2024-08-02,Google,PERFORMANCE_MAX,15234.593132390746,4889330
667,2024-08-02,Meta,CONVERSIONS,0.0,0
668,2024-08-03,Google,SEARCH,603.8131390745503,5966
669,2024-08-03,Google,PERFORMANCE_MAX,16883.800127377894,5528502
670,2024-08-03,Meta,CONVERSIONS,0.0,0
671,2024-08-03,Meta,OUTCOME_TRAFFIC,160.80719794344475,47867
672,2024-08-03,Meta,OUTCOME_SALES,3041.73650385604,412791
673,2024-08-04,Google,PERFORMANCE_MAX,15831.755702956298,5369602
674,2024-08-04,Google,SEARCH,680.1539696658099,7203
675,2024-08-04,Meta,OUTCOME_TRAFFIC,162.31748071979433,51989
676,2024-08-04,Meta,OUTCOME_SALES,3181.3161953727513,455242
677,2024-08-04,Meta,CONVERSIONS,0.0,0
678,2024-08-05,Google,SEARCH,712.9104363753214,9506
679,2024-08-05,Meta,OUTCOME_TRAFFIC,158.11182519280203,51389
680,2024-08-05,Meta,OUTCOME_SALES,3044.0141388174807,439270
681,2024-08-05,Google,PERFORMANCE_MAX,16292.680906812342,5265962
682,2024-08-05,Meta,CONVERSIONS,0.0,0
683,2024-08-06,Meta,OUTCOME_TRAFFIC,156.0719794344473,51902
684,2024-08-06,Meta,CONVERSIONS,0.0,0
685,2024-08-06,Google,PERFORMANCE_MAX,14956.15226915167,5240938
686,2024-08-06,Google,SEARCH,945.0128534704371,11351
687,2024-08-06,Meta,OUTCOME_SALES,3163.154241645243,425887
688,2024-08-07,Meta,CONVERSIONS,0.0,0
689,2024-08-07,Google,PERFORMANCE_MAX,14693.82551966581,4962775
690,2024-08-07,Google,SEARCH,789.6133789203084,10529
691,2024-08-07,Meta,OUTCOME_TRAFFIC,153.8778920308483,49024
692,2024-08-07,Meta,OUTCOME_SALES,3227.9794344473007,367174
693,2024-08-08,Meta,OUTCOME_TRAFFIC,150.0308483290488,47497
694,2024-08-08,Meta,CONVERSIONS,0.0,0
695,2024-08-08,Google,PERFORMANCE_MAX,15414.71222210797,5270576
696,2024-08-08,Meta,OUTCOME_SALES,3406.3984575835484,385469
697,2024-08-08,Google,SEARCH,774.4118190231363,10428
698,2024-08-09,Meta,OUTCOME_SALES,3503.8753213367613,367369
699,2024-08-09,Meta,OUTCOME_TRAFFIC,137.94344473007712,43351
700,2024-08-09,Meta,CONVERSIONS,0.0,0
701,2024-08-09,Google,PERFORMANCE_MAX,13435.984902056556,4933000
702,2024-08-09,Google,SEARCH,659.184923007712,9811
703,2024-08-10,Google,SEARCH,724.9150317480719,8748
704,2024-08-10,Google,PERFORMANCE_MAX,15361.485945244214,5283479
705,2024-08-10,Meta,CONVERSIONS,0.0,0
706,2024-08-10,Meta,OUTCOME_TRAFFIC,138.35861182519278,40397
707,2024-08-10,Meta,OUTCOME_SALES,3543.5462724935724,444603
708,2024-08-11,Google,PERFORMANCE_MAX,18590.74541131105,5959603
709,2024-08-11,Meta,OUTCOME_SALES,3653.7776349614405,575986
710,2024-08-11,Meta,OUTCOME_TRAFFIC,142.89588688946012,41964
711,2024-08-11,Meta,CONVERSIONS,0.0,0
712,2024-08-11,Google,SEARCH,794.0905115681234,9380
713,2024-08-12,Meta,CONVERSIONS,0.0,0
714,2024-08-12,Meta,OUTCOME_TRAFFIC,120.10925449871463,33826
715,2024-08-12,Google,SEARCH,722.4334070694086,9689
716,2024-08-12,Google,PERFORMANCE_MAX,20097.29450899743,5747081
717,2024-08-12,Meta,OUTCOME_SALES,3202.8161953727513,404392
718,2024-08-13,Meta,OUTCOME_TRAFFIC,130.03727506426733,35953
719,2024-08-13,Google,SEARCH,838.3928578406169,9347
720,2024-08-13,Google,PERFORMANCE_MAX,16191.922192802054,5115432
721,2024-08-13,Meta,OUTCOME_SALES,3064.3997429305914,338020
722,2024-08-14,Meta,OUTCOME_SALES,2835.4048843187657,367757
723,2024-08-14,Google,PERFORMANCE_MAX,11588.702061568121,4231423
724,2024-08-14,Google,SEARCH,869.7095115681234,9214
725,2024-08-14,Meta,OUTCOME_TRAFFIC,148.37275064267354,40002
726,2024-08-15,Google,PERFORMANCE_MAX,10646.525810154242,4051669
727,2024-08-15,Google,SEARCH,815.3195805912596,10433
728,2024-08-15,Meta,OUTCOME_TRAFFIC,161.89460154241644,44111
729,2024-08-15,Meta,OUTCOME_SALES,2902.264781491003,384596
730,2024-08-16,Meta,OUTCOME_TRAFFIC,160.54884318766065,44579
731,2024-08-16,Meta,OUTCOME_SALES,2891.588688946014,378405
732,2024-08-16,Google,DEMAND_GEN,0.042380334190231364,143
733,2024-08-16,Google,SEARCH,887.7469499999996,12082
734,2024-08-16,Google,PERFORMANCE_MAX,10763.989905655528,3983174
735,2024-08-17,Google,DEMAND_GEN,36.4853589974293,21838
736,2024-08-17,Meta,OUTCOME_SALES,3128.111825192802,393103
737,2024-08-17,Google,PERFORMANCE_MAX,10818.325369922875,4152636
738,2024-08-17,Google,SEARCH,873.416350771208,12626
739,2024-08-17,Meta,OUTCOME_TRAFFIC,161.69665809768637,43668
740,2024-08-18,Google,SEARCH,1080.0742294344473,12966
741,2024-08-18,Google,DEMAND_GEN,407.5031930591259,161447
742,2024-08-18,Meta,OUTCOME_SALES,3117.709511568124,402204
743,2024-08-18,Google,PERFORMANCE_MAX,12680.65826645244,4509414
744,2024-08-18,Meta,OUTCOME_TRAFFIC,161.18380462724934,46080
745,2024-08-19,Google,PERFORMANCE_MAX,13739.421626992289,4433764
746,2024-08-19,Google,SEARCH,1093.4830331619537,12353
747,2024-08-19,Meta,OUTCOME_TRAFFIC,131.48714652956298,38468
748,2024-08-19,Meta,OUTCOME_SALES,2925.9884318766062,408254
749,2024-08-19,Google,DEMAND_GEN,774.8920267352185,644559
750,2024-08-20,Meta,OUTCOME_SALES,2720.293059125965,384196
751,2024-08-20,Google,DEMAND_GEN,578.756992159383,446125
752,2024-08-20,Google,SEARCH,955.3062497429305,12211
753,2024-08-20,Meta,OUTCOME_TRAFFIC,76.22879177377891,20735
754,2024-08-20,Google,PERFORMANCE_MAX,11789.618298714653,4088217
755,2024-08-21,Meta,OUTCOME_TRAFFIC,75.89974293059126,21194
756,2024-08-21,Meta,OUTCOME_SALES,2556.8046272493575,349165
757,2024-08-21,Google,DEMAND_GEN,593.7293710796914,507393
758,2024-08-21,Google,SEARCH,1010.4554514138815,11607
759,2024-08-21,Google,PERFORMANCE_MAX,12496.396430591261,4115917
760,2024-08-22,Meta,OUTCOME_TRAFFIC,74.19408740359896,20153
761,2024-08-22,Meta,OUTCOME_SALES,2423.0668380462726,307826
762,2024-08-22,Google,DEMAND_GEN,384.22713881748075,359289
763,2024-08-22,Google,SEARCH,1026.3525115681232,11878
764,2024-08-22,Google,PERFORMANCE_MAX,10954.101764267352,3980512
765,2024-08-23,Meta,OUTCOME_SALES,2455.931876606684,367459
766,2024-08-23,Google,DEMAND_GEN,538.4427204370179,331329
767,2024-08-23,Google,SEARCH,996.9468190231361,12271
768,2024-08-23,Google,PERFORMANCE_MAX,9924.158790359894,3674679
769,2024-08-23,Meta,OUTCOME_TRAFFIC,74.68637532133675,19700
770,2024-08-24,Google,DEMAND_GEN,517.0924836760926,214378
771,2024-08-24,Google,SEARCH,1070.857430976864,14541
772,2024-08-24,Meta,OUTCOME_TRAFFIC,74.85989717223651,20143
773,2024-08-24,Meta,OUTCOME_SALES,2612.8046272493575,338888
774,2024-08-24,Google,PERFORMANCE_MAX,10762.34143187661,3781982
775,2024-08-25,Meta,OUTCOME_SALES,3140.296915167095,428703
776,2024-08-25,Google,DEMAND_GEN,476.63127660668385,100843
777,2024-08-25,Google,SEARCH,1139.194290874036,14934
778,2024-08-25,Google,PERFORMANCE_MAX,11162.067900514137,4056470
779,2024-08-25,Meta,OUTCOME_TRAFFIC,78.03341902313623,21880
780,2024-08-26,Meta,OUTCOME_TRAFFIC,75.53470437017994,20921
781,2024-08-26,Google,SEARCH,1069.8012736503856,14296
782,2024-08-26,Google,PERFORMANCE_MAX,11047.894485089975,3927320
783,2024-08-26,Meta,OUTCOME_SALES,2801.0565552699213,414200
784,2024-08-26,Google,DEMAND_GEN,471.9044235218509,101239
785,2024-08-27,Google,SEARCH,989.2068785347045,12729
786,2024-08-27,Google,PERFORMANCE_MAX,13153.147136503852,4395298
787,2024-08-27,Meta,OUTCOME_SALES,2454.3766066838048,349570
788,2024-08-27,Meta,OUTCOME_TRAFFIC,75.39588688946014,20822
789,2024-08-27,Google,DEMAND_GEN,396.0113440874036,86478
790,2024-08-28,Google,PERFORMANCE_MAX,13353.454205655526,4592828
791,2024-08-28,Google,SEARCH,1072.800599228792,12109
792,2024-08-28,Meta,OUTCOME_TRAFFIC,74.11568123393316,19320
793,2024-08-28,Meta,OUTCOME_SALES,2386.0578406169675,288458
794,2024-08-28,Google,DEMAND_GEN,364.7868696658098,93315
795,2024-08-29,Google,DEMAND_GEN,323.2071104113111,97795
796,2024-08-29,Meta,OUTCOME_SALES,2608.866323907455,298500
797,2024-08-29,Google,PERFORMANCE_MAX,13401.57724781491,4683669
798,2024-08-29,Google,SEARCH,1011.1215805912598,14426
799,2024-08-29,Meta,OUTCOME_TRAFFIC,71.21593830334191,18245
800,2024-08-30,Meta,OUTCOME_SALES,2292.8766066838048,262101
801,2024-08-30,Google,PERFORMANCE_MAX,10959.589083419023,3966800
802,2024-08-30,Google,SEARCH,912.4750352185089,12814
803,2024-08-30,Meta,OUTCOME_TRAFFIC,74.02313624678663,18345
804,2024-08-30,Google,DEMAND_GEN,262.36764935732646,117915
805,2024-08-31,Meta,OUTCOME_TRAFFIC,73.5077120822622,19013
806,2024-08-31,Google,SEARCH,955.4229089974293,14194
807,2024-08-31,Google,DEMAND_GEN,236.59691658097682,110199
808,2024-08-31,Meta,OUTCOME_SALES,2261.3406169665814,264374
809,2024-08-31,Google,PERFORMANCE_MAX,12796.972458997427,4140874
810,2024-09-01,Google,SEARCH,886.7612528277635,14307
811,2024-09-01,Google,DEMAND_GEN,481.0175611825193,194744
812,2024-09-01,Meta,OUTCOME_SALES,2450.2712082262206,304536
813,2024-09-01,Google,PERFORMANCE_MAX,11755.708083676092,4255994
814,2024-09-01,Meta,OUTCOME_TRAFFIC,76.46786632390746,20561
815,2024-09-02,Meta,OUTCOME_TRAFFIC,66.1478149100257,19037
816,2024-09-02,Google,SEARCH,992.7921446015423,14557
817,2024-09-02,Google,PERFORMANCE_MAX,11980.637983547556,4102586
818,2024-09-02,Meta,OUTCOME_SALES,2178.1233933161957,308297
819,2024-09-02,Google,DEMAND_GEN,407.134621722365,143531
820,2024-09-03,Google,PERFORMANCE_MAX,9588.356527120823,3468997
821,2024-09-03,Meta,OUTCOME_SALES,1874.2904884318762,248844
822,2024-09-03,Google,DEMAND_GEN,469.78992390745503,163590
823,2024-09-03,Google,SEARCH,1113.4163901028276,16299
824,2024-09-03,Meta,OUTCOME_TRAFFIC,59.386889460154244,18263
825,2024-09-04,Meta,OUTCOME_SALES,1791.0449871465303,244136
826,2024-09-04,Google,PERFORMANCE_MAX,9403.760634575834,3334461
827,2024-09-04,Google,SEARCH,827.0465155526991,14204
828,2024-09-04,Google,DEMAND_GEN,485.463605655527,191250
829,2024-09-04,Meta,OUTCOME_TRAFFIC,56.52185089974293,17082
830,2024-09-05,Google,DEMAND_GEN,492.1411259640103,175658
831,2024-09-05,Google,SEARCH,769.8645663239076,11570
832,2024-09-05,Meta,OUTCOME_TRAFFIC,45.74164524421594,14311
833,2024-09-05,Meta,OUTCOME_SALES,1858.7544987146525,256290
834,2024-09-05,Google,PERFORMANCE_MAX,7548.2575083547545,2991028
835,2024-09-06,Google,SEARCH,797.9196390745502,12465
836,2024-09-06,Google,DEMAND_GEN,477.58120732647814,128903
837,2024-09-06,Meta,OUTCOME_SALES,1859.691516709512,245689
838,2024-09-06,Meta,OUTCOME_TRAFFIC,44.446015424164536,14724
839,2024-09-06,Google,PERFORMANCE_MAX,7056.896269794344,2779898
840,2024-09-07,Google,PERFORMANCE_MAX,8030.745559383034,3189272
841,2024-09-07,Meta,OUTCOME_SALES,1989.7943444730076,234106
842,2024-09-07,Google,DEMAND_GEN,477.5126473007712,208759
843,2024-09-07,Google,SEARCH,766.0035082262211,13692
844,2024-09-07,Meta,OUTCOME_TRAFFIC,45.595115681233935,15668
845,2024-09-08,Google,SEARCH,768.6915763496144,14636
846,2024-09-08,Google,DEMAND_GEN,442.89209575835474,175276
847,2024-09-08,Meta,OUTCOME_SALES,2108.664524421594,262477
848,2024-09-08,Meta,OUTCOME_TRAFFIC,47.728791773778916,18005
849,2024-09-08,Google,PERFORMANCE_MAX,9992.776639331618,3742905
850,2024-09-09,Meta,PAGE_LIKES,0.0,0
851,2024-09-09,Google,SEARCH,888.3245762210795,21163
852,2024-09-09,Google,DEMAND_GEN,434.7721798200514,195038
853,2024-09-09,Meta,OUTCOME_SALES,1853.9087403598974,247603
854,2024-09-09,Google,PERFORMANCE_MAX,10475.996953470436,3722174
855,2024-09-09,Meta,CONVERSIONS,0.0,0
856,2024-09-09,Meta,OUTCOME_TRAFFIC,45.53984575835476,17089
857,2024-09-10,Meta,OUTCOME_TRAFFIC,44.84832904884319,15776
858,2024-09-10,Google,SEARCH,940.2381670951156,29096
859,2024-09-10,Google,DEMAND_GEN,403.47807146529556,139714
860,2024-09-10,Meta,OUTCOME_SALES,1728.624678663239,242011
861,2024-09-10,Google,PERFORMANCE_MAX,8131.237043444728,3133811
862,2024-09-11,Google,SEARCH,1002.1644785347044,15708
863,2024-09-11,Google,DEMAND_GEN,422.5447389460154,91221
864,2024-09-11,Meta,OUTCOME_SALES,1929.6683804627248,262725
865,2024-09-11,Google,PERFORMANCE_MAX,7565.156811825193,3009048
866,2024-09-11,Meta,OUTCOME_TRAFFIC,63.65167095115681,19204
867,2024-09-12,Google,DEMAND_GEN,561.163676478149,143589
868,2024-09-12,Meta,OUTCOME_SALES,1857.047557840617,238001
869,2024-09-12,Meta,OUTCOME_TRAFFIC,165.26349614395886,44651
870,2024-09-12,Google,SEARCH,953.8513919023134,16585
871,2024-09-12,Google,PERFORMANCE_MAX,7237.7036483290485,2939702
872,2024-09-13,Meta,OUTCOME_SALES,1882.7120822622114,243226
873,2024-09-13,Meta,OUTCOME_TRAFFIC,197.0398457583547,56022
874,2024-09-13,Google,SEARCH,1049.2657907455011,18054
875,2024-09-13,Google,DEMAND_GEN,575.4298641388175,196276
876,2024-09-13,Meta,CONVERSIONS,0.0,0
877,2024-09-13,Meta,PAGE_LIKES,0.0,0
878,2024-09-13,Google,PERFORMANCE_MAX,8340.06974241645,3205874
879,2024-09-14,Google,PERFORMANCE_MAX,8577.211863367607,3509212
880,2024-09-14,Google,SEARCH,931.1022380462728,19499
881,2024-09-14,Meta,OUTCOME_TRAFFIC,209.9562982005141,65706
882,2024-09-14,Meta,OUTCOME_SALES,1865.994858611825,238142
883,2024-09-14,Google,DEMAND_GEN,577.2169511568123,215962
884,2024-09-15,Meta,OUTCOME_SALES,2028.681233933162,245868
885,2024-09-15,Google,DEMAND_GEN,573.0461998714654,199753
886,2024-09-15,Google,SEARCH,926.6136895886892,19081
887,2024-09-15,Google,PERFORMANCE_MAX,10114.405407583545,3758281
888,2024-09-15,Meta,OUTCOME_TRAFFIC,217.76092544987145,74131
889,2024-09-16,Google,PERFORMANCE_MAX,11610.505877763497,3759989
890,2024-09-16,Google,SEARCH,960.9525682519281,18779
891,2024-09-16,Google,DEMAND_GEN,623.5052601542416,185246
892,2024-09-16,Meta,OUTCOME_SALES,1834.4087403598974,216947
893,2024-09-16,Meta,OUTCOME_TRAFFIC,207.68123393316193,70581
894,2024-09-17,Meta,OUTCOME_TRAFFIC,206.99614395886888,68817
895,2024-09-17,Google,SEARCH,864.5294213367607,17336
896,2024-09-17,Google,DEMAND_GEN,590.3464251928021,173019
897,2024-09-17,Meta,OUTCOME_SALES,1772.524421593831,248109
898,2024-09-17,Meta,PAGE_LIKES,0.0,0
899,2024-09-17,Meta,CONVERSIONS,0.0,0
900,2024-09-17,Google,PERFORMANCE_MAX,9676.075220565552,3325117
901,2024-09-18,Meta,OUTCOME_SALES,1894.7763496143962,233316
902,2024-09-18,Google,PERFORMANCE_MAX,8531.365365167094,3162593
903,2024-09-18,Google,SEARCH,1051.5003852185089,16387
904,2024-09-18,Meta,OUTCOME_TRAFFIC,201.23007712082259,61231
905,2024-09-18,Google,DEMAND_GEN,539.153267352185,217815
906,2024-09-19,Meta,OUTCOME_TRAFFIC,118.0745501285347,67971
907,2024-09-19,Google,SEARCH,966.1369407455012,15752
908,2024-09-19,Google,DEMAND_GEN,541.7548065552699,258492
909,2024-09-19,Meta,OUTCOME_SALES,2004.7069408740358,218648
910,2024-09-19,Google,PERFORMANCE_MAX,7453.17873084833,2943381
911,2024-09-20,Google,SEARCH,1265.7086206940874,20535
912,2024-09-20,Google,DEMAND_GEN,539.7863664524423,274511
913,2024-09-20,Meta,OUTCOME_SALES,1814.2583547557836,165870
914,2024-09-20,Google,PERFORMANCE_MAX,8361.979147172236,2961412
915,2024-09-20,Meta,OUTCOME_TRAFFIC,49.575835475578394,93408
916,2024-09-21,Google,PERFORMANCE_MAX,9824.992507712079,3511199
917,2024-09-21,Google,SEARCH,1273.9522651670952,36042
918,2024-09-21,Google,DEMAND_GEN,542.3930280205655,227802
919,2024-09-21,Meta,OUTCOME_SALES,2051.866323907455,188574
920,2024-09-21,Meta,OUTCOME_TRAFFIC,51.73007712082264,100244
921,2024-09-22,Meta,OUTCOME_SALES,2300.2262210796916,249701
922,2024-09-22,Meta,OUTCOME_TRAFFIC,53.17866323907454,104755
923,2024-09-22,Google,SEARCH,1353.0912845758355,44298
924,2024-09-22,Google,PERFORMANCE_MAX,11821.077946143958,3921023
925,2024-09-22,Google,DEMAND_GEN,593.063529562982,194356
926,2024-09-23,Meta,OUTCOME_TRAFFIC,51.94473007712082,93195
927,2024-09-23,Meta,OUTCOME_SALES,2031.2159383033418,231806
928,2024-09-23,Google,DEMAND_GEN,501.0563151670951,210684
929,2024-09-23,Google,SEARCH,1361.5049674807194,46877
930,2024-09-23,Google,PERFORMANCE_MAX,10431.001013624676,3507595
931,2024-09-24,Google,PERFORMANCE_MAX,9299.23113637532,3104346
932,2024-09-24,Google,SEARCH,1346.7202606683802,44474
933,2024-09-24,Google,DEMAND_GEN,483.0585715938304,177925
934,2024-09-24,Meta,OUTCOME_SALES,1751.5989717223651,185911
935,2024-09-24,Meta,OUTCOME_TRAFFIC,43.20437017994859,75007
936,2024-09-25,Meta,OUTCOME_SALES,1668.0012853470434,175850
937,2024-09-25,Meta,OUTCOME_TRAFFIC,14.832904884318767,46791
938,2024-09-25,Google,SEARCH,1334.480839717224,44562
939,2024-09-25,Google,DEMAND_GEN,492.12219820051416,147900
940,2024-09-25,Google,PERFORMANCE_MAX,9500.847631876606,3185018
941,2024-09-26,Google,PERFORMANCE_MAX,9913.175409897169,3300892
942,2024-09-26,Google,SEARCH,1292.006931233933,47113
943,2024-09-26,Meta,OUTCOME_TRAFFIC,10.740359897172238,21035
944,2024-09-26,Meta,OUTCOME_SALES,1838.1812339331625,197904
945,2024-09-26,Google,DEMAND_GEN,490.4434014138817,173544
946,2024-09-27,Meta,OUTCOME_SALES,1462.1773778920308,119783
947,2024-09-27,Google,DEMAND_GEN,481.74238676092546,157643
948,2024-09-27,Google,SEARCH,1259.8509610539845,45491
949,2024-09-27,Meta,OUTCOME_TRAFFIC,8.605398457583547,16548
950,2024-09-27,Google,PERFORMANCE_MAX,9328.075895886888,3350663
951,2024-09-28,Google,PERFORMANCE_MAX,8977.676748457583,3530991
952,2024-09-28,Meta,OUTCOME_SALES,2077.682519280206,230761
953,2024-09-28,Google,DEMAND_GEN,484.6695032133676,123644
954,2024-09-28,Google,SEARCH,1281.5673598971723,62131
955,2024-09-28,Meta,OUTCOME_TRAFFIC,143.60925449871465,50923
956,2024-09-29,Meta,OUTCOME_TRAFFIC,130.7737789203085,41953
957,2024-09-29,Meta,OUTCOME_SALES,2173.9125964010273,233057
958,2024-09-29,Google,PERFORMANCE_MAX,10886.844125192802,4167215
959,2024-09-29,Google,SEARCH,1288.2378595115683,107725
960,2024-09-29,Google,DEMAND_GEN,463.86144575835476,122303
961,2024-09-30,Meta,OUTCOME_SALES,1891.5244215938308,245825
962,2024-09-30,Meta,OUTCOME_TRAFFIC,125.86632390745501,40608
963,2024-09-30,Google,SEARCH,1103.5141883033423,76537
964,2024-09-30,Google,PERFORMANCE_MAX,10400.136856426736,3829880
965,2024-09-30,Google,DEMAND_GEN,451.13585719794344,123674
966,2024-10-01,Meta,OUTCOME_TRAFFIC,116.91388174807199,42642
967,2024-10-01,Meta,OUTCOME_SALES,1565.9794344473005,249573
968,2024-10-01,Google,DEMAND_GEN,469.6516983290488,140167
969,2024-10-01,Google,SEARCH,1168.6872218508997,63971
970,2024-10-01,Google,PERFORMANCE_MAX,9860.392811439586,3527789
971,2024-10-02,Google,SEARCH,1204.3440867609258,81878
972,2024-10-02,Google,DEMAND_GEN,478.18651915167095,142261
973,2024-10-02,Meta,OUTCOME_SALES,1474.4987146529568,234046
974,2024-10-02,Meta,OUTCOME_TRAFFIC,49.43830334190232,40687
975,2024-10-02,Google,PERFORMANCE_MAX,9342.619574807199,3571408
